n,k,model,status,blocks,qubits,toffolis,joint_measure,measure,automorphism,cross_module,relay_hops,analytic_total_error,total_error,p_fail
5,3,gross_1e-3,analytic,2,22,7,11,75,84,4,11,0.023009868000000003,0.023009868000000003,0.022747159805331263
5,3,gross_1e-4,analytic,2,22,7,11,75,84,4,11,6.048601976e-07,6.048601976e-07,6.048600146302263e-07
5,4,gross_1e-3,analytic,2,22,7,6,60,84,3,6,0.012793368000000001,0.012793368000000001,0.012711880736614667
5,4,gross_1e-4,analytic,2,22,7,6,60,84,3,6,3.492101976e-07,3.492101976e-07,3.4921013658539835e-07
5,5,gross_1e-3,analytic,1,11,7,0,42,84,0,0,0.000533568,0.000533568,0.0005334256779087054
5,5,gross_1e-4,analytic,1,11,7,0,42,84,0,0,4.24301976e-08,4.24301976e-08,4.2430196689480226e-08
15,3,gross_1e-3,analytic,5,55,27,98,421,324,12,98,0.20191294800000004,0.20191294800000004,0.18283393921401292
15,3,gross_1e-4,analytic,5,55,27,98,421,324,12,98,5.1390493336e-06,5.1390493336e-06,5.139036128753993e-06
15,4,gross_1e-3,analytic,4,44,27,112,451,324,9,112,0.23038594800000003,0.23038594800000003,0.20577298698387958
15,4,gross_1e-4,analytic,4,44,27,112,451,324,9,112,5.8427493336e-06,5.8427493336e-06,5.842732264782491e-06
15,5,gross_1e-3,analytic,3,33,27,84,389,324,11,84,0.17341774800000004,0.17341774800000004,0.1592136953270331
15,5,gross_1e-4,analytic,3,33,27,84,389,324,11,84,4.433329333600001e-06,4.433329333600001e-06,4.4333195063916975e-06
25,3,gross_1e-3,analytic,9,99,47,156,690,564,25,156,0.32167132800000003,0.32167132800000003,0.2750635825193325
25,3,gross_1e-4,analytic,9,99,47,156,690,564,25,156,8.2005684696e-06,8.2005684696e-06,8.200534845070884e-06
25,4,gross_1e-3,analytic,7,77,47,142,667,564,21,142,0.293276028,0.293276028,0.2541837538845888
25,4,gross_1e-4,analytic,7,77,47,142,667,564,21,142,7.503938469600001e-06,7.503938469600001e-06,7.503910315120876e-06
25,5,gross_1e-3,analytic,5,55,47,149,683,564,19,149,0.30752362800000005,0.30752362800000005,0.26473450551054767
25,5,gross_1e-4,analytic,5,55,47,149,683,564,19,149,7.8567984696e-06,7.8567984696e-06,7.856767605063375e-06
35,3,gross_1e-3,analytic,12,132,67,268,1093,804,37,268,0.551457108,0.551457108,0.4238902556217379
35,3,gross_1e-4,analytic,12,132,67,268,1093,804,37,268,1.3994827605600001e-05,1.3994827605600001e-05,1.399472967844595e-05
35,4,gross_1e-3,analytic,9,99,67,211,967,804,29,211,0.435488508,0.435488508,0.3530514496708834
35,4,gross_1e-4,analytic,9,99,67,211,967,804,29,211,1.1125867605600001e-05,1.1125867605600001e-05,1.1125805713385617e-05
35,5,gross_1e-3,analytic,7,77,67,221,993,804,26,221,0.455877108,0.455877108,0.36610826746511727
35,5,gross_1e-4,analytic,7,77,67,221,993,804,26,221,1.1633127605600001e-05,1.1633127605600001e-05,1.1633059941007495e-05
45,3,gross_1e-3,analytic,15,165,87,318,1352,1044,49,318,0.655024488,0.655024488,0.48057065735443694
45,3,gross_1e-4,analytic,15,165,87,318,1352,1044,49,318,1.66614467416e-05,1.66614467416e-05,1.6661307940424308e-05
45,4,gross_1e-3,analytic,12,132,87,304,1323,1044,43,304,0.6265625880000001,0.6265625880000001,0.465574311437412
45,4,gross_1e-4,analytic,12,132,87,304,1323,1044,43,304,1.5958756741600002e-05,1.5958756741600002e-05,1.5958629401291446e-05
45,5,gross_1e-3,analytic,9,99,87,305,1329,1044,37,305,0.6286391880000001,0.6286391880000001,0.4666829483262046
45,5,gross_1e-4,analytic,9,99,87,305,1329,1044,37,305,1.60129167416e-05,1.60129167416e-05,1.6012788535579858e-05
55,3,gross_1e-3,analytic,19,209,107,428,1737,1284,60,428,0.8805904680000001,0.8805904680000001,0.5854619320614021
55,3,gross_1e-4,analytic,19,209,107,428,1737,1284,60,428,2.23413258776e-05,2.23413258776e-05,2.234107631204907e-05
55,4,gross_1e-3,analytic,14,154,107,379,1641,1284,53,379,0.7810348680000001,0.7810348680000001,0.5420681330261705
55,4,gross_1e-4,analytic,14,154,107,379,1641,1284,53,379,1.9887465877599998e-05,1.9887465877599998e-05,1.9887268123297552e-05
55,5,gross_1e-3,analytic,11,121,107,375,1635,1284,45,375,0.772928268,0.772928268,0.5383407748650586
55,5,gross_1e-4,analytic,11,121,107,375,1635,1284,45,375,1.96890058776e-05,1.96890058776e-05,1.9688812050389082e-05
65,3,gross_1e-3,analytic,22,242,127,522,2091,1524,72,522,1.073652348,1.073652348,0.6582419840305334
65,3,gross_1e-4,analytic,22,242,127,522,2091,1524,72,522,2.7220295013600002e-05,2.7220295013600002e-05,2.7219924544685803e-05
65,4,gross_1e-3,analytic,17,187,127,454,1949,1524,63,454,0.935396148,0.935396148,0.607569625773122
65,4,gross_1e-4,analytic,17,187,127,454,1949,1524,63,454,2.38060750136e-05,2.38060750136e-05,2.3805791651287933e-05
65,5,gross_1e-3,analytic,13,143,127,443,1931,1524,53,443,0.9130863480000001,0.9130863480000001,0.5987161906398533
65,5,gross_1e-4,analytic,13,143,127,443,1931,1524,53,443,2.3258795013600003e-05,2.3258795013600003e-05,2.3258524529889968e-05
75,3,gross_1e-3,analytic,25,275,147,563,2323,1764,85,563,1.1588300280000001,1.1588300280000001,0.6861468344243293
75,3,gross_1e-4,analytic,25,275,147,563,2323,1764,85,563,2.94267441496e-05,2.94267441496e-05,2.9426311187186194e-05
75,4,gross_1e-3,analytic,19,209,147,545,2303,1764,73,545,1.122428028,1.122428028,0.6745114608701679
75,4,gross_1e-4,analytic,19,209,147,545,2303,1764,73,545,2.85407441496e-05,2.85407441496e-05,2.854033686638946e-05
75,5,gross_1e-3,analytic,15,165,147,543,2295,1764,61,543,1.1183192280000003,1.1183192280000003,0.6731713423063632
75,5,gross_1e-4,analytic,15,165,147,543,2295,1764,61,543,2.84364641496e-05,2.84364641496e-05,2.8436059837155803e-05
85,3,gross_1e-3,analytic,29,319,167,715,2811,2004,94,715,1.4699593080000002,1.4699593080000002,0.7700651584950706
85,3,gross_1e-4,analytic,29,319,167,715,2811,2004,94,715,3.7230853285599995e-05,3.7230853285599995e-05,3.723016022594283e-05
85,4,gross_1e-3,analytic,22,242,167,627,2625,2004,81,627,1.291014708,1.291014708,0.7250083947100874
85,4,gross_1e-4,analytic,22,242,167,627,2625,2004,81,627,3.28101932856e-05,3.28101932856e-05,3.2809655037047136e-05
85,5,gross_1e-3,analytic,17,187,167,613,2607,2004,71,613,1.262674908,1.262674908,0.71710370803805
85,5,gross_1e-4,analytic,17,187,167,613,2607,2004,71,613,3.21186132856e-05,3.21186132856e-05,3.211809748848715e-05
95,3,gross_1e-3,analytic,32,352,187,771,3060,2244,107,771,1.585475688,1.585475688,0.7951496749049928
95,3,gross_1e-4,analytic,32,352,187,771,3060,2244,107,771,4.0175972421600004e-05,4.0175972421600004e-05,4.017516537802024e-05
95,4,gross_1e-3,analytic,24,264,187,726,3003,2244,91,726,1.494392988,1.494392988,0.7756152323533289
95,4,gross_1e-4,analytic,24,264,187,726,3003,2244,91,726,3.79539024216e-05,3.79539024216e-05,3.795318218136057e-05
95,5,gross_1e-3,analytic,19,209,187,661,2865,2244,79,661,1.362211188,1.362211188,0.7439061212862416
95,5,gross_1e-4,analytic,19,209,187,661,2865,2244,79,661,3.46880224216e-05,3.46880224216e-05,3.468742079915099e-05
105,3,gross_1e-3,analytic,35,385,207,876,3453,2484,118,876,1.801080468,1.801080468,0.8348796154864346
105,3,gross_1e-4,analytic,35,385,207,876,3453,2484,118,876,4.56234315576e-05,4.56234315576e-05,4.5622390824728853e-05
105,4,gross_1e-3,analytic,27,297,207,797,3281,2484,101,797,1.640381268,1.640381268,0.8060939019946816
105,4,gross_1e-4,analytic,27,297,207,797,3281,2484,101,797,4.16498115576e-05,4.16498115576e-05,4.164894421621046e-05
105,5,gross_1e-3,analytic,21,231,207,787,3283,2484,89,787,1.620303468,1.620303468,0.8021613477271952
105,5,gross_1e-4,analytic,21,231,207,787,3283,2484,89,787,4.11708315576e-05,4.11708315576e-05,4.116998405057082e-05
115,3,gross_1e-3,analytic,39,429,227,988,3829,2724,130,988,2.0305665480000004,2.0305665480000004,0.8687388656545056
115,3,gross_1e-4,analytic,39,429,227,988,3829,2724,130,988,5.13904206936e-05,5.13904206936e-05,5.138910022850496e-05
115,4,gross_1e-3,analytic,29,319,227,913,3721,2724,111,913,1.8786177480000001,1.8786177480000001,0.8471988304261672
115,4,gross_1e-4,analytic,29,319,227,913,3721,2724,111,913,4.7673840693600004e-05,4.7673840693600004e-05,4.767270431416115e-05
115,5,gross_1e-3,analytic,23,253,227,874,3621,2724,95,874,1.799117748,1.799117748,0.8345552121530277
115,5,gross_1e-4,analytic,23,253,227,874,3621,2724,95,874,4.5696940693600006e-05,4.5696940693600006e-05,4.5695896604303066e-05
125,3,gross_1e-3,analytic,42,462,247,1055,4127,2964,145,1055,2.168736828,2.168736828,0.8856780659909856
125,3,gross_1e-4,analytic,42,462,247,1055,4127,2964,145,1055,5.491412982960001e-05,5.491412982960001e-05,5.4912622076352946e-05
125,4,gross_1e-3,analytic,32,352,247,948,3923,2964,121,948,1.951402428,1.951402428,0.8579253177079087
125,4,gross_1e-4,analytic,32,352,247,948,3923,2964,121,948,4.9561389829600006e-05,4.9561389829600006e-05,4.956016168422561e-05
125,5,gross_1e-3,analytic,25,275,247,925,3892,2964,103,925,1.904828328,1.904828328,0.8511518065040333
125,5,gross_1e-4,analytic,25,275,247,925,3892,2964,103,925,4.8423779829600004e-05,4.8423779829600004e-05,4.8422607417331065e-05
135,3,gross_1e-3,analytic,45,495,267,1253,4703,3204,153,1253,2.573302908,2.573302908,0.9237168274297627
135,3,gross_1e-4,analytic,45,495,267,1253,4703,3204,153,1253,6.501971896560001e-05,6.501971896560001e-05,6.501760522947819e-05
135,4,gross_1e-3,analytic,34,374,267,1017,4247,3204,131,1017,2.0938813080000003,2.0938813080000003,0.8767920016108248
135,4,gross_1e-4,analytic,34,374,267,1017,4247,3204,131,1017,5.3207558965599996e-05,5.3207558965599996e-05,5.320614346848718e-05
135,5,gross_1e-3,analytic,27,297,267,983,4170,3204,113,983,2.024686608,2.024686608,0.8679647845151306
135,5,gross_1e-4,analytic,27,297,267,983,4170,3204,113,983,5.1494388965599996e-05,5.1494388965599996e-05,5.1493063152330265e-05
145,3,gross_1e-3,analytic,49,539,287,1271,4891,3444,166,1271,2.6117621879999997,2.6117621879999997,0.9265949238209331
145,3,gross_1e-4,analytic,49,539,287,1271,4891,3444,166,1271,6.60754281016e-05,6.60754281016e-05,6.607324516860746e-05
145,4,gross_1e-3,analytic,37,407,287,1143,4629,3444,142,1143,2.3515739879999997,2.3515739879999997,0.9047808296277007
145,4,gross_1e-4,analytic,37,407,287,1143,4629,3444,142,1143,5.96540081016e-05,5.96540081016e-05,5.9652228836637455e-05
145,5,gross_1e-3,analytic,29,319,287,1133,4640,3444,123,1133,2.331596088,2.331596088,0.9028594216204489
145,5,gross_1e-4,analytic,29,319,287,1133,4640,3444,123,1133,5.91841181016e-05,5.91841181016e-05,5.918236675628297e-05
155,3,gross_1e-3,analytic,52,572,307,1452,5425,3684,177,1452,2.9816920679999996,2.9816920679999996,0.9492930383925757
155,3,gross_1e-4,analytic,52,572,307,1452,5425,3684,177,1452,7.532089723759999e-05,7.532089723759999e-05,7.531806069005498e-05
155,4,gross_1e-3,analytic,39,429,307,1241,5034,3684,153,1241,2.553241968,2.553241968,0.9221710623714057
155,4,gross_1e-4,analytic,39,429,307,1241,5034,3684,153,1241,6.47768872376e-05,6.47768872376e-05,6.477478926036895e-05
155,5,gross_1e-3,analytic,31,341,307,1197,4933,3684,129,1197,2.463680868,2.463680868,0.9148789457491765
155,5,gross_1e-4,analytic,31,341,307,1197,4933,3684,129,1197,6.255847723759999e-05,6.255847723759999e-05,6.255652049691474e-05
165,3,gross_1e-3,analytic,55,605,327,1496,5663,3924,191,1496,3.0729663480000005,3.0729663480000005,0.9537163424092444
165,3,gross_1e-4,analytic,55,605,327,1496,5663,3924,191,1496,7.76777063736e-05,7.76777063736e-05,7.767468953867596e-05
165,4,gross_1e-3,analytic,42,462,327,1323,5335,3924,161,1323,2.7215955480000003,2.7215955480000003,0.9342302680997515
165,4,gross_1e-4,analytic,42,462,327,1323,5335,3924,161,1323,6.90251263736e-05,6.90251263736e-05,6.902274419440246e-05
165,5,gross_1e-3,analytic,33,363,327,1277,5257,3924,139,1277,2.628269748,2.628269748,0.9277967159022935
165,5,gross_1e-4,analytic,33,363,327,1277,5257,3924,139,1277,6.673374637360001e-05,6.673374637360001e-05,6.673151972669267e-05
175,3,gross_1e-3,analytic,59,649,347,1617,6073,4164,201,1617,3.3209198280000005,3.3209198280000005,0.9638804073434104
175,3,gross_1e-4,analytic,59,649,347,1617,6073,4164,201,1617,8.39119355096e-05,8.39119355096e-05,8.390841500161006e-05
175,4,gross_1e-3,analytic,44,484,347,1463,5818,4164,169,1463,3.0085493280000004,3.0085493280000004,0.9506367632903195
175,4,gross_1e-4,analytic,44,484,347,1463,5818,4164,169,1463,7.62469855096e-05,7.62469855096e-05,7.624407878203954e-05
175,5,gross_1e-3,analytic,35,385,347,1329,5525,4164,147,1329,2.735957028,2.735957028,0.9351680685691448
175,5,gross_1e-4,analytic,35,385,347,1329,5525,4164,147,1329,6.95056555096e-05,6.95056555096e-05,6.950324004750819e-05
185,3,gross_1e-3,analytic,62,682,367,1721,6449,4404,213,1721,3.534325908,3.534325908,0.9708215806994275
185,3,gross_1e-4,analytic,62,682,367,1721,6449,4404,213,1721,8.92941246456e-05,8.92941246456e-05,8.929013804392927e-05
185,4,gross_1e-3,analytic,47,517,367,1505,5994,4404,179,1505,3.0951154080000003,3.0951154080000003,0.9547302123368856
185,4,gross_1e-4,analytic,47,517,367,1505,5994,4404,179,1505,7.84449746456e-05,7.84449746456e-05,7.844189791905709e-05
185,5,gross_1e-3,analytic,37,407,367,1449,5930,4404,157,1449,2.981845008,2.981845008,0.94930079292228
185,5,gross_1e-4,analytic,37,407,367,1449,5930,4404,157,1449,7.56867346456e-05,7.56867346456e-05,7.568387047696135e-05
195,3,gross_1e-3,analytic,65,715,387,1787,6729,4644,222,1787,3.670286388,3.670286388,0.9745308251639282
195,3,gross_1e-4,analytic,65,715,387,1787,6729,4644,222,1787,9.275155378160001e-05,9.275155378160001e-05,9.274725248920035e-05
195,4,gross_1e-3,analytic,49,539,387,1642,6509,4644,191,1642,3.376394388,3.376394388,0.9658295617718967
195,4,gross_1e-4,analytic,49,539,387,1642,6509,4644,191,1642,8.555485378160001e-05,8.555485378160001e-05,8.555119406949974e-05
195,5,gross_1e-3,analytic,39,429,387,1535,6262,4644,163,1535,3.158582688,3.158582688,0.9575140857755596
195,5,gross_1e-4,analytic,39,429,387,1535,6262,4644,163,1535,8.015868378160001e-05,8.015868378160001e-05,8.01554711601371e-05
205,3,gross_1e-3,analytic,69,759,407,1959,7263,4884,234,1959,4.022126268000001,4.022126268000001,0.9820851673212838
205,3,gross_1e-4,analytic,69,759,407,1959,7263,4884,234,1959,0.0001015641229176,0.0001015641229176,0.00010155896545671617
205,4,gross_1e-3,analytic,52,572,407,1703,6757,4884,203,1703,3.5019496680000004,3.5019496680000004,0.9698614340938777
205,4,gross_1e-4,analytic,52,572,407,1703,6757,4884,203,1703,8.87394629176e-05,8.87394629176e-05,8.873552568788856e-05
205,5,gross_1e-3,analytic,41,451,407,1679,6729,4884,173,1679,3.453398868,3.453398868,0.9683620796895122
205,5,gross_1e-4,analytic,41,451,407,1679,6729,4884,173,1679,8.75567829176e-05,8.75567829176e-05,8.755294993434415e-05
215,3,gross_1e-3,analytic,72,792,427,2125,7749,5124,248,2125,4.361373348000001,4.361373348000001,0.9872391494785397
215,3,gross_1e-4,analytic,72,792,427,2125,7749,5124,248,2125,0.00011003961205359999,0.00011003961205359999,0.00011003355791761038
215,4,gross_1e-3,analytic,54,594,427,1826,7203,5124,213,1826,3.7543227480000003,3.7543227480000003,0.9765836960210558
215,4,gross_1e-4,analytic,54,594,427,1826,7203,5124,213,1826,9.51062520536e-05,9.51062520536e-05,9.510172959736884e-05
215,5,gross_1e-3,analytic,43,473,427,1728,6982,5124,181,1728,3.5548896479999996,3.5548896479999996,0.9714154708978019
215,5,gross_1e-4,analytic,43,473,427,1728,6982,5124,181,1728,9.016924205359999e-05,9.016924205359999e-05,9.016517692972403e-05
225,3,gross_1e-3,analytic,75,825,447,2110,7884,5364,258,2110,4.332914328,4.332914328,0.9868707711985273
225,3,gross_1e-4,analytic,75,825,447,2110,7884,5364,258,2110,0.0001094544911896,0.0001094544911896,0.00010944850126537453
225,4,gross_1e-3,analytic,57,627,447,1879,7395,5364,223,1879,3.863176428,3.863176428,0.9789988152881506
225,4,gross_1e-4,analytic,57,627,447,1879,7395,5364,223,1879,9.784950118960001e-05,9.784950118960001e-05,9.784471408325057e-05
225,5,gross_1e-3,analytic,45,495,447,1820,7330,5364,191,1820,3.7438649280000003,3.7438649280000003,0.976337527579889
225,5,gross_1e-4,analytic,45,495,447,1820,7330,5364,191,1820,9.49459511896e-05,9.49459511896e-05,9.494144396537951e-05
235,3,gross_1e-3,analytic,79,869,467,2138,8088,5604,273,2138,4.391651208000001,4.391651208000001,0.9876197300669333
235,3,gross_1e-4,analytic,79,869,467,2138,8088,5604,273,2138,0.00011100736032560001,0.00011100736032560001,0.00011100119923657115
235,4,gross_1e-3,analytic,59,649,467,1999,7889,5604,233,1999,4.110052308,4.110052308,0.9835930837091308
235,4,gross_1e-4,analytic,59,649,467,1999,7889,5604,233,1999,0.0001041204703256,0.0001041204703256,0.00010411504997753784
235,5,gross_1e-3,analytic,47,517,467,1948,7751,5604,197,1948,4.006010508,4.006010508,0.9817941172298946
235,5,gross_1e-4,analytic,47,517,467,1948,7751,5604,197,1948,0.0001015279903256,0.0001015279903256,0.00010152283653364069
245,3,gross_1e-3,analytic,82,902,487,2238,8449,5844,285,2238,4.596850788,4.596850788,0.9899164589965298
245,3,gross_1e-4,analytic,82,902,487,2238,8449,5844,285,2238,0.0001161819994616,0.0001161819994616,0.00011617525059448575
245,4,gross_1e-3,analytic,62,682,487,2103,8213,5844,241,2103,4.322881188,4.322881188,0.9867383807726073
245,4,gross_1e-4,analytic,62,682,487,2103,8213,5844,241,2103,0.00010945013946159999,0.00010945013946159999,0.00010944415001357122
245,5,gross_1e-3,analytic,49,539,487,2014,8059,5844,207,2014,4.142281788,4.142281788,0.9841134396468743
245,5,gross_1e-4,analytic,49,539,487,2014,8059,5844,207,2014,0.0001050136994616,0.0001050136994616,0.00010500818571601567
255,3,gross_1e-3,analytic,85,935,507,2404,8962,6084,293,2404,4.936397568,4.936397568,0.992819581193306
255,3,gross_1e-4,analytic,85,935,507,2404,8962,6084,293,2404,0.0001246847585976,0.0001246847585976,0.00012467698577611763
255,4,gross_1e-3,analytic,64,704,507,2249,8729,6084,251,2249,4.622261268000001,4.622261268000001,0.9901694585799196
255,4,gross_1e-4,analytic,64,704,507,2249,8729,6084,251,2249,0.0001169939285976,0.0001169939285976,0.00011698708507479338
255,5,gross_1e-3,analytic,51,561,507,1969,8129,6084,215,1969,4.052801268,4.052801268,0.9826263618072737
255,5,gross_1e-4,analytic,51,561,507,1969,8129,6084,215,1969,0.0001029199285976,0.0001029199285976,0.00010291463252343203
265,3,gross_1e-3,analytic,89,979,527,2463,9231,6324,305,2463,5.058165948,5.058165948,0.99364279172202
265,3,gross_1e-4,analytic,89,979,527,2463,9231,6324,305,2463,0.00012779437773360002,0.00012779437773360002,0.00012778621237996557
265,4,gross_1e-3,analytic,67,737,527,2341,8963,6324,261,2341,4.809971148000001,4.809971148000001,0.9918519052168807
265,4,gross_1e-4,analytic,67,737,527,2341,8963,6324,261,2341,0.0001216554977336,0.0001216554977336,0.00012164809800363496
265,5,gross_1e-3,analytic,53,583,527,2167,8695,6324,225,2167,4.457256348,4.457256348,0.9884058700529709
265,5,gross_1e-4,analytic,53,583,527,2167,8695,6324,225,2167,0.00011301541773359999,0.00011301541773359999,0.00011300903173183663
275,3,gross_1e-3,analytic,92,1012,547,2702,9886,6564,317,2702,5.5460189280000005,5.5460189280000005,0.9960970356623925
275,3,gross_1e-4,analytic,92,1012,547,2702,9886,6564,317,2702,0.00013995185686960002,0.00013995185686960002,0.00013994206406531262
275,4,gross_1e-3,analytic,69,759,547,2440,9443,6564,271,2440,5.0144816279999995,5.0144816279999995,0.9933589263082423
275,4,gross_1e-4,analytic,69,759,547,2440,9443,6564,271,2440,0.0001269022268696,0.0001269022268696,0.00012689417512257162
275,5,gross_1e-3,analytic,55,605,547,2326,9172,6564,231,2326,4.782333528,4.782333528,0.9916235704893691
275,5,gross_1e-4,analytic,55,605,547,2326,9172,6564,231,2326,0.00012114511686960001,0.00012114511686960001,0.00012113777909628087
285,3,gross_1e-3,analytic,95,1045,567,2704,10043,6804,329,2704,5.551974108,5.551974108,0.9961202094470405
285,3,gross_1e-4,analytic,95,1045,567,2704,10043,6804,329,2704,0.00014020665600559997,0.00014020665600559997,0.00014019682751176266
285,4,gross_1e-3,analytic,72,792,567,2478,9623,6804,281,2478,5.093052108,5.093052108,0.9938607464016549
285,4,gross_1e-4,analytic,72,792,567,2478,9623,6804,281,2478,0.0001289118560056,0.0001289118560056,0.00012890354722927544
285,5,gross_1e-3,analytic,57,627,567,2425,9547,6804,241,2425,4.9856785079999995,4.9856785079999995,0.993164861242581
285,5,gross_1e-4,analytic,57,627,567,2425,9547,6804,241,2425,0.0001262857960056,0.0001262857960056,0.00012627782229013285
295,3,gross_1e-3,analytic,99,1089,587,2866,10532,7044,340,2866,5.883214488,5.883214488,0.9972141841049867
295,3,gross_1e-4,analytic,99,1089,587,2866,10532,7044,340,2866,0.0001484927751416,0.0001484927751416,0.00014848175063519875
295,4,gross_1e-3,analytic,74,814,587,2493,9879,7044,291,2493,5.126236188,5.126236188,0.9940611287445529
295,4,gross_1e-4,analytic,74,814,587,2493,9879,7044,291,2493,0.0001298919451416,0.0001298919451416,0.00012988350954812322
295,5,gross_1e-3,analytic,59,649,587,2372,9594,7044,249,2372,4.879862687999999,4.879862687999999,0.9924019427396097
295,5,gross_1e-4,analytic,59,649,587,2372,9594,7044,249,2372,0.00012378399514160001,0.00012378399514160001,0.0001237763342190057
305,3,gross_1e-3,analytic,102,1122,607,2983,10937,7284,353,2983,6.123072467999999,6.123072467999999,0.9978082883563949
305,3,gross_1e-4,analytic,102,1122,607,2983,10937,7284,353,2983,0.0001545295542776,0.0001545295542776,0.00015451761520102192
305,4,gross_1e-3,analytic,77,847,607,2627,10187,7284,303,2627,5.399187467999999,5.399187467999999,0.995479747699495
305,4,gross_1e-4,analytic,77,847,607,2627,10187,7284,303,2627,0.0001366484542776,0.0001366484542776,0.00013663911830286146
305,5,gross_1e-3,analytic,61,671,607,2500,10020,7284,259,2500,5.142063768,5.142063768,0.9941543867334702
305,5,gross_1e-4,analytic,61,671,607,2500,10020,7284,259,2500,0.0001303710842776,0.0001303710842776,0.00013036258633714048
315,3,gross_1e-3,analytic,105,1155,627,2875,10867,7524,365,2875,5.905407948000001,5.905407948000001,0.997275329969708
315,3,gross_1e-4,analytic,105,1155,627,2875,10867,7524,365,2875,0.00014926408341359997,0.00014926408341359997,0.0001492529440845214
315,4,gross_1e-3,analytic,79,869,627,2772,10775,7524,313,2772,5.697356748,5.697356748,0.9966451786135716
315,4,gross_1e-4,analytic,79,869,627,2772,10775,7524,313,2772,0.0001442168634136,0.0001442168634136,0.00014420646466162257
315,5,gross_1e-3,analytic,63,693,627,2617,10423,7524,264,2617,5.381899548,5.381899548,0.9954009225410381
315,5,gross_1e-4,analytic,63,693,627,2617,10423,7524,264,2617,0.0001364058434136,0.0001364058434136,0.00013639654055952466
325,3,gross_1e-3,analytic,109,1199,647,3285,11875,7764,375,3285,6.7408892279999995,6.7408892279999995,0.9988184040189136
325,3,gross_1e-4,analytic,109,1199,647,3285,11875,7764,375,3285,0.0001700031925496,0.0001700031925496,0.00016998874282569965
325,4,gross_1e-3,analytic,82,902,647,2730,10787,7764,321,2730,5.613262428,5.613262428,0.9963508551554423
325,4,gross_1e-4,analytic,82,902,647,2730,10787,7764,321,2730,0.0001422088125496,0.0001422088125496,0.00014219870135567803
325,5,gross_1e-3,analytic,65,715,647,2737,10831,7764,275,2737,5.627820828,5.627820828,0.9964035960229057
325,5,gross_1e-4,analytic,65,715,647,2737,10831,7764,275,2737,0.0001425899525496,0.0001425899525496,0.00014257978708553942
335,3,gross_1e-3,analytic,112,1232,667,3305,12049,8004,387,3305,6.783213108,6.783213108,0.9988673702164365
335,3,gross_1e-4,analytic,112,1232,667,3305,12049,8004,387,3305,0.00017114096168560001,0.00017114096168560001,0.00017112631790661137
335,4,gross_1e-3,analytic,84,924,667,3003,11578,8004,331,3003,6.170965008,6.170965008,0.9979107810855466
335,4,gross_1e-4,analytic,84,924,667,3003,11578,8004,331,3003,0.00015613905168560002,0.00015613905168560002,0.00015612686261823328
335,5,gross_1e-3,analytic,67,737,667,2754,11029,8004,283,2754,5.664381108,5.664381108,0.9965327070112846
335,5,gross_1e-4,analytic,67,737,667,2754,11029,8004,283,2754,0.0001436076616856,0.0001436076616856,0.0001435973505989896
345,3,gross_1e-3,analytic,115,1265,687,3309,12237,8244,399,3309,6.793532387999999,6.793532387999999,0.9988789980417322
345,3,gross_1e-4,analytic,115,1265,687,3309,12237,8244,399,3309,0.00017152327082159999,0.00017152327082159999,0.00017150856154635186
345,4,gross_1e-3,analytic,87,957,687,3043,11663,8244,341,3043,6.2525009879999995,6.2525009879999995,0.9980743678739933
345,4,gross_1e-4,analytic,87,957,687,3043,11663,8244,341,3043,0.0001581489308216,0.0001581489308216,0.00015813642593864863
345,5,gross_1e-3,analytic,69,759,687,2852,11384,8244,293,2852,5.865494087999999,5.865494087999999,0.9971643783473227
345,5,gross_1e-4,analytic,69,759,687,2852,11384,8244,293,2852,0.0001486800408216,0.0001486800408216,0.00014866898849208443
355,3,gross_1e-3,analytic,119,1309,707,3520,12821,8484,409,3520,7.224317268000001,7.224317268000001,0.9992713501581283
355,3,gross_1e-4,analytic,119,1309,707,3520,12821,8484,409,3520,0.0001822622399576,0.0001822622399576,0.0001822456312046139
355,4,gross_1e-3,analytic,89,979,707,3050,12005,8484,349,3050,6.270559668000001,6.270559668000001,0.9981088301402823
355,4,gross_1e-4,analytic,89,979,707,3050,12005,8484,349,3050,0.00015883107995760001,0.00015883107995760001,0.0001588184669694126
355,5,gross_1e-3,analytic,71,781,707,2993,11837,8484,299,2993,6.154124868,6.154124868,0.9978753004354728
355,5,gross_1e-4,analytic,71,781,707,2993,11837,8484,299,2993,0.00015591969995760001,0.00015591969995760001,0.00015590754511296545
365,3,gross_1e-3,analytic,122,1342,727,3524,12984,8724,425,3524,7.234359048,7.234359048,0.9992786304846415
365,3,gross_1e-4,analytic,122,1342,727,3524,12984,8724,425,3524,0.00018261929909360003,0.00018261929909360003,0.00018260262520441994
365,4,gross_1e-3,analytic,92,1012,727,3143,12273,8724,363,3143,6.4606569480000005,6.4606569480000005,0.9984362319414243
365,4,gross_1e-4,analytic,92,1012,727,3143,12273,8724,363,3143,0.0001635750890936,0.0001635750890936,0.00016356171141818088
365,5,gross_1e-3,analytic,73,803,727,3099,12212,8724,309,3099,6.371539848000001,6.371539848000001,0.9982904752105575
365,5,gross_1e-4,analytic,73,803,727,3099,12212,8724,309,3099,0.00016139707909360002,0.00016139707909360002,0.0001613840552857626
375,3,gross_1e-3,analytic,125,1375,747,3777,13671,8964,431,3777,7.7507072280000004,7.7507072280000004,0.9995695619849126
375,3,gross_1e-4,analytic,125,1375,747,3777,13671,8964,431,3777,0.0001954824982296,0.0001954824982296,0.00019546339277098923
375,4,gross_1e-3,analytic,94,1034,747,3291,12812,8964,373,3291,6.764312328,6.764312328,0.9988457590393844
375,4,gross_1e-4,analytic,94,1034,747,3291,12812,8964,373,3291,0.0001712383082296,0.0001712383082296,0.0001712236477873219
375,5,gross_1e-3,analytic,75,825,747,3001,12174,8964,317,3001,6.1743305280000005,6.1743305280000005,0.9979178005748461
375,5,gross_1e-4,analytic,75,825,747,3001,12174,8964,317,3001,0.0001566449282296,0.0001566449282296,0.00015663266005339072
385,3,gross_1e-3,analytic,129,1419,767,3703,13695,9204,447,3703,7.602426108,7.602426108,0.9995007612441474
385,3,gross_1e-4,analytic,129,1419,767,3703,13695,9204,447,3703,0.0001919473673656,0.0001919473673656,0.00019192894664832316
385,4,gross_1e-3,analytic,97,1067,767,3453,13137,9204,383,3453,7.093732308,7.093732308,0.9991697073325991
385,4,gross_1e-4,analytic,97,1067,767,3453,13137,9204,383,3453,0.0001793587873656,0.0001793587873656,0.00017934270353991977
385,5,gross_1e-3,analytic,77,847,767,3177,12695,9204,327,3177,6.534066108,6.534066108,0.9985469145808589
385,5,gross_1e-4,analytic,77,847,767,3177,12695,9204,327,3177,0.0001656367673656,0.0001656367673656,0.0001656230503536138
395,3,gross_1e-3,analytic,132,1452,787,4050,14536,9444,457,4050,8.309423687999999,8.309423687999999,0.9997538141176353
395,3,gross_1e-4,analytic,132,1452,787,4050,14536,9444,457,4050,0.0002094875065016,0.0002094875065016,0.00020946556552603468
395,4,gross_1e-3,analytic,99,1089,787,3557,13681,9444,393,3557,7.309003188000001,7.309003188000001,0.9993305159306748
395,4,gross_1e-4,analytic,99,1089,787,3557,13681,9444,393,3557,0.0001849106565016,0.0001849106565016,0.00018489356157980197
395,5,gross_1e-3,analytic,79,869,787,3322,13150,9444,333,3322,6.830759088000001,6.830759088000001,0.9989199620374991
395,5,gross_1e-4,analytic,79,869,787,3322,13150,9444,333,3322,0.0001730708465016,0.0001730708465016,0.00017305587060667538
405,3,gross_1e-3,analytic,135,1485,807,4085,14760,9684,471,4085,8.382452568,8.382452568,0.9997711520086386
405,3,gross_1e-4,analytic,135,1485,807,4085,14760,9684,471,4085,0.0002113972756376,0.0002113972756376,0.00021137493280798392
405,4,gross_1e-3,analytic,102,1122,807,3638,13918,9684,401,3638,7.4746363680000005,7.4746363680000005,0.9994327079843329
405,4,gross_1e-4,analytic,102,1122,807,3638,13918,9684,401,3638,0.0001890461556376,0.0001890461556376,0.00018902828753908363
405,5,gross_1e-3,analytic,81,891,807,3452,13579,9684,343,3452,7.097013468000001,7.097013468000001,0.999172427191102
405,5,gross_1e-4,analytic,81,891,807,3452,13579,9684,343,3452,0.0001797571656376,0.0001797571656376,0.00017974101028628287
415,3,gross_1e-3,analytic,139,1529,827,4198,15152,9924,481,4198,8.614126248,8.614126248,0.9998184766473868
415,3,gross_1e-4,analytic,139,1529,827,4198,15152,9924,481,4198,0.0002172285247736,0.0002172285247736,0.0002172049323659886
415,4,gross_1e-3,analytic,104,1144,827,3804,14519,9924,411,3804,7.815159948,7.815159948,0.9995964297355533
415,4,gross_1e-4,analytic,104,1144,827,3804,14519,9924,411,3804,0.0001976377947736,0.0001976377947736,0.0001976182657111858
415,5,gross_1e-3,analytic,83,913,827,3483,13808,9924,351,3483,7.162057848000001,7.162057848000001,0.9992245428627573
415,5,gross_1e-4,analytic,83,913,827,3483,13808,9924,351,3483,0.00018147958477360003,0.00018147958477360003,0.00018146311834987827
425,3,gross_1e-3,analytic,142,1562,847,4396,15718,10164,492,4396,9.018581328000002,9.018581328000002,0.9998788621407173
425,3,gross_1e-4,analytic,142,1562,847,4396,15718,10164,492,4396,0.00022732401390960003,0.00022732401390960003,0.00022729817776367955
425,4,gross_1e-3,analytic,107,1177,847,3930,14735,10164,421,3930,8.071010028000002,8.071010028000002,0.9996875324793159
425,4,gross_1e-4,analytic,107,1177,847,3930,14735,10164,421,3930,0.0002039165839096,0.0002039165839096,0.00020389579433610638
425,5,gross_1e-3,analytic,85,935,847,3587,14179,10164,361,3587,7.375408428,7.375408428,0.9993735292220174
425,5,gross_1e-4,analytic,85,935,847,3587,14179,10164,361,3587,0.00018685672390960002,0.00018685672390960002,0.0001868392672792485
435,3,gross_1e-3,analytic,145,1595,867,4331,15741,10404,503,4331,8.888379108,8.888379108,0.9998620168674257
435,3,gross_1e-4,analytic,145,1595,867,4331,15741,10404,503,4331,0.0002242207730456,0.0002242207730456,0.00022419563744668913
435,4,gross_1e-3,analytic,109,1199,867,3912,15068,10404,430,3912,8.038718808,8.038718808,0.999677277845592
435,4,gross_1e-4,analytic,109,1199,867,3912,15068,10404,430,3912,0.0002033871430456,0.0002033871430456,0.00020336646128282787
435,5,gross_1e-3,analytic,87,957,867,3742,14650,10404,367,3742,7.692379008,7.692379008,0.9995437086413135
435,5,gross_1e-4,analytic,87,957,867,3742,14650,10404,367,3742,0.0001947879630456,0.0001947879630456,0.00019476899310200135
445,3,gross_1e-3,analytic,149,1639,887,4629,16523,10644,515,4629,9.496231788000001,9.496231788000001,0.9999248655804542
445,3,gross_1e-4,analytic,149,1639,887,4629,16523,10644,515,4629,0.0002393444221816,0.0002393444221816,0.00023931578159042122
445,4,gross_1e-3,analytic,112,1232,887,3957,15221,10644,441,3957,8.131059588000001,8.131059588000001,0.9997057437548236
445,4,gross_1e-4,analytic,112,1232,887,3957,15221,10644,441,3957,0.00020570620218160002,0.00020570620218160002,0.0002056850461115145
445,5,gross_1e-3,analytic,89,979,887,3783,14901,10644,374,3783,7.777767588000001,7.777767588000001,0.9995810536076027
445,5,gross_1e-4,analytic,89,979,887,3783,14901,10644,374,3783,0.0001970136021816,0.0001970136021816,0.0001969941962762789
